Workbook

Sheet ESTUDO DE LANCES
S2: C112296 - José Vagner P Pinto
B3: * Somente incluir valores nas céluas em cinza
B4: Estudo de Lances
M5: Faixa de Crédito
B6: Grupo | C6: 10040 | G6: =IF(K6>0," Grupo COM Lance Embutido de","Grupo SEM Lance Embutido") -> Grupo COM Lance Embutido de | K6: =VLOOKUP(C6,'[1]Grupos Imobiliario'!B:W,2,FALSE)/100 -> 0.5 | M6: =VLOOKUP(C6,'[1]Grupos Imobiliario'!B:W,3,FALSE) -> 450000.00 A 900000.00
B8: Contemplações | E8: =DATE(YEAR(TODAY()), MONTH(TODAY())-6, 1) -> 45839 | G8: =DATE(YEAR(TODAY()), MONTH(TODAY())-5, 1) -> 45870 | I8: =DATE(YEAR(TODAY()), MONTH(TODAY())-4, 1) -> 45901 | K8: =DATE(YEAR(TODAY()), MONTH(TODAY())-3, 1) -> 45931 | M8: =DATE(YEAR(TODAY()), MONTH(TODAY())-2, 1) -> 45962 | O8: =DATE(YEAR(TODAY()), MONTH(TODAY())-1, 1) -> 45992 | Q8: Média (6 meses)
B9: Contemplados por Sorteio | E9: {=_xlfn.XLOOKUP(1, (('[1]Grupos Imobiliario'!$B:$B)='ESTUDO DE LANCES'!$C$6)*(('[1]Grupos Imobiliario'!$A:$A)='ESTUDO DE LANCES'!E8), '[1]Grupos Imobiliario'!$S:$S, 0)} -> 1 | G9: {=_xlfn.XLOOKUP(1, (('[1]Grupos Imobiliario'!$B:$B)='ESTUDO DE LANCES'!$C$6)*(('[1]Grupos Imobiliario'!$A:$A)='ESTUDO DE LANCES'!G8), '[1]Grupos Imobiliario'!$S:$S, 0)} -> 1 | I9: {=_xlfn.XLOOKUP(1, (('[1]Grupos Imobiliario'!$B:$B)='ESTUDO DE LANCES'!$C$6)*(('[1]Grupos Imobiliario'!$A:$A)='ESTUDO DE LANCES'!I8), '[1]Grupos Imobiliario'!$S:$S, "NE")} -> 1 | K9: {=_xlfn.XLOOKUP(1, (('[1]Grupos Imobiliario'!$B:$B)='ESTUDO DE LANCES'!$C$6)*(('[1]Grupos Imobiliario'!$A:$A)='ESTUDO DE LANCES'!K8), '[1]Grupos Imobiliario'!$S:$S, "NE")} -> 1 | M9: {=_xlfn.XLOOKUP(1, (('[1]Grupos Imobiliario'!$B:$B)='ESTUDO DE LANCES'!$C$6)*(('[1]Grupos Imobiliario'!$A:$A)='ESTUDO DE LANCES'!M8), '[1]Grupos Imobiliario'!$S:$S, "NE")} -> 1 | O9: {=_xlfn.XLOOKUP(1, (('[1]Grupos Imobiliario'!$B:$B)='ESTUDO DE LANCES'!$C$6)*(('[1]Grupos Imobiliario'!$A:$A)='ESTUDO DE LANCES'!O8), '[1]Grupos Imobiliario'!$S:$S, "NE")} -> 1 | Q9: =AVERAGE(E9:P9) -> 1
B10: Contemplados por Lance | E10: {=_xlfn.XLOOKUP(1, (('[1]Grupos Imobiliario'!$B:$B)='ESTUDO DE LANCES'!$C$6)*(('[1]Grupos Imobiliario'!$A:$A)='ESTUDO DE LANCES'!E8), '[1]Grupos Imobiliario'!$U:$U, 0)} -> 11 | G10: {=_xlfn.XLOOKUP(1, (('[1]Grupos Imobiliario'!$B:$B)='ESTUDO DE LANCES'!$C$6)*(('[1]Grupos Imobiliario'!$A:$A)='ESTUDO DE LANCES'!G8), '[1]Grupos Imobiliario'!$U:$U, 0)} -> 14 | I10: {=_xlfn.XLOOKUP(1, (('[1]Grupos Imobiliario'!$B:$B)='ESTUDO DE LANCES'!$C$6)*(('[1]Grupos Imobiliario'!$A:$A)='ESTUDO DE LANCES'!I8), '[1]Grupos Imobiliario'!$U:$U, "NE")} -> 16 | K10: {=_xlfn.XLOOKUP(1, (('[1]Grupos Imobiliario'!$B:$B)='ESTUDO DE LANCES'!$C$6)*(('[1]Grupos Imobiliario'!$A:$A)='ESTUDO DE LANCES'!K8), '[1]Grupos Imobiliario'!$U:$U, "NE")} -> 30 | M10: {=_xlfn.XLOOKUP(1, (('[1]Grupos Imobiliario'!$B:$B)='ESTUDO DE LANCES'!$C$6)*(('[1]Grupos Imobiliario'!$A:$A)='ESTUDO DE LANCES'!M8), '[1]Grupos Imobiliario'!$U:$U, "NE")} -> 26 | O10: {=_xlfn.XLOOKUP(1, (('[1]Grupos Imobiliario'!$B:$B)='ESTUDO DE LANCES'!$C$6)*(('[1]Grupos Imobiliario'!$A:$A)='ESTUDO DE LANCES'!O$8), '[1]Grupos Imobiliario'!$U:$U, "NE")} -> 29 | Q10: =AVERAGE(E10:P10) -> 21
B12: Lance Máximo | E12: =IF(T12="NE","NE",(T12*1)) -> 0.85 | G12: =IF(V12="NE","NE",(V12*1)) -> 0.8667 | I12: =IF(X12="NE","NE",(X12*1)) -> 0.8667 | K12: =IF(Z12="NE","NE",(Z12*1)) -> 0.88 | M12: =IF(AB12="NE","NE",(AB12*1)) -> 0.88 | O12: =IF(AD12="NE","NE",(AD12*1)) -> 0.821 | Q12: =IFERROR(AVERAGEIF(E12:P12, ">0"), "") -> 0.86073333 | T12: {=SUBSTITUTE( _xlfn.XLOOKUP( 1, (('[1]Grupos Imobiliario'!$B:$B)='ESTUDO DE LANCES'!$C$6)*(('[1]Grupos Imobiliario'!$A:$A)='ESTUDO DE LANCES'!E$8), '[1]Grupos Imobiliario'!$M:$M, "NE" ), ".", "," )} -> 85,00% | V12: {=SUBSTITUTE( _xlfn.XLOOKUP( 1, (('[1]Grupos Imobiliario'!$B:$B)='ESTUDO DE LANCES'!$C$6)*(('[1]Grupos Imobiliario'!$A:$A)='ESTUDO DE LANCES'!G$8), '[1]Grupos Imobiliario'!$M:$M, "NE" ), ".", "," )} -> 86,67% | X12: {=SUBSTITUTE( _xlfn.XLOOKUP( 1, (('[1]Grupos Imobiliario'!$B:$B)='ESTUDO DE LANCES'!$C$6)*(('[1]Grupos Imobiliario'!$A:$A)='ESTUDO DE LANCES'!I$8), '[1]Grupos Imobiliario'!$M:$M, "NE" ), ".", "," )} -> 0,8667 | Z12: {=SUBSTITUTE( _xlfn.XLOOKUP( 1, (('[1]Grupos Imobiliario'!$B:$B)='ESTUDO DE LANCES'!$C$6)*(('[1]Grupos Imobiliario'!$A:$A)='ESTUDO DE LANCES'!K$8), '[1]Grupos Imobiliario'!$M:$M, "NE" ), ".", "," )} -> 0,88 | AB12: {=SUBSTITUTE( _xlfn.XLOOKUP( 1, (('[1]Grupos Imobiliario'!$B:$B)='ESTUDO DE LANCES'!$C$6)*(('[1]Grupos Imobiliario'!$A:$A)='ESTUDO DE LANCES'!M$8), '[1]Grupos Imobiliario'!$M:$M, "NE" ), ".", "," )} -> 0,88 | AD12: {=SUBSTITUTE( _xlfn.XLOOKUP( 1, (('[1]Grupos Imobiliario'!$B:$B)='ESTUDO DE LANCES'!$C$6)*(('[1]Grupos Imobiliario'!$A:$A)='ESTUDO DE LANCES'!O$8), '[1]Grupos Imobiliario'!$M:$M, "NE" ), ".", "," )} -> 0,821
B13: Lance médio (3 assembléias) | E13: =IF(T13="NE","NE",(T13*1)) -> 0.8317 | G13: =IF(V13="NE","NE",(V13*1)) -> 0.8413 | I13: =IF(X13="NE","NE",(X13*1)) -> 0.8436 | K13: =IF(Z13="NE","NE",(Z13*1)) -> 0.8453 | M13: =IF(AB13="NE","NE",(AB13*1)) -> 0.8093 | O13: =IF(AD13="NE","NE",(AD13*1)) -> 0.7851 | Q13: =IFERROR(AVERAGEIF(E13:P13, ">0"), "") -> 0.82605 | T13: {=SUBSTITUTE( _xlfn.XLOOKUP( 1, (('[1]Grupos Imobiliario'!$B:$B)='ESTUDO DE LANCES'!$C$6)*(('[1]Grupos Imobiliario'!$A:$A)='ESTUDO DE LANCES'!E$8), '[1]Grupos Imobiliario'!$K:$K, "NE" ), ".", "," )} -> 83,17% | V13: {=SUBSTITUTE( _xlfn.XLOOKUP( 1, (('[1]Grupos Imobiliario'!$B:$B)='ESTUDO DE LANCES'!$C$6)*(('[1]Grupos Imobiliario'!$A:$A)='ESTUDO DE LANCES'!G$8), '[1]Grupos Imobiliario'!$K:$K, "NE" ), ".", "," )} -> 84,13% | X13: {=SUBSTITUTE( _xlfn.XLOOKUP( 1, (('[1]Grupos Imobiliario'!$B:$B)='ESTUDO DE LANCES'!$C$6)*(('[1]Grupos Imobiliario'!$A:$A)='ESTUDO DE LANCES'!I$8), '[1]Grupos Imobiliario'!$K:$K, "NE" ), ".", "," )} -> 0,8436 | Z13: {=SUBSTITUTE( _xlfn.XLOOKUP( 1, (('[1]Grupos Imobiliario'!$B:$B)='ESTUDO DE LANCES'!$C$6)*(('[1]Grupos Imobiliario'!$A:$A)='ESTUDO DE LANCES'!K$8), '[1]Grupos Imobiliario'!$K:$K, "NE" ), ".", "," )} -> 0,8453 | AB13: {=SUBSTITUTE( _xlfn.XLOOKUP( 1, (('[1]Grupos Imobiliario'!$B:$B)='ESTUDO DE LANCES'!$C$6)*(('[1]Grupos Imobiliario'!$A:$A)='ESTUDO DE LANCES'!M$8), '[1]Grupos Imobiliario'!$K:$K, "NE" ), ".", "," )} -> 0,8093 | AD13: {=SUBSTITUTE( _xlfn.XLOOKUP( 1, (('[1]Grupos Imobiliario'!$B:$B)='ESTUDO DE LANCES'!$C$6)*(('[1]Grupos Imobiliario'!$A:$A)='ESTUDO DE LANCES'!O$8), '[1]Grupos Imobiliario'!$K:$K, "NE" ), ".", "," )} -> 0,7851
B14: Lance Mínimo | E14: =IF(T14="NE","NE",(T14*1)) -> 0.82 | G14: =IF(V14="NE","NE",(V14*1)) -> 0.835 | I14: =IF(X14="NE","NE",(X14*1)) -> 0.835 | K14: =IF(Z14="NE","NE",(Z14*1)) -> 0.8001 | M14: =IF(AB14="NE","NE",(AB14*1)) -> 0.75 | O14: =IF(AD14="NE","NE",(AD14*1)) -> 0.75 | Q14: =IFERROR(AVERAGEIF(E14:P14, ">0"), "") -> 0.79835 | T14: {=SUBSTITUTE( _xlfn.XLOOKUP( 1, (('[1]Grupos Imobiliario'!$B:$B)='ESTUDO DE LANCES'!$C$6)*(('[1]Grupos Imobiliario'!$A:$A)='ESTUDO DE LANCES'!E$8), '[1]Grupos Imobiliario'!$L:$L, "NE" ), ".", "," )} -> 82,00% | V14: {=SUBSTITUTE( _xlfn.XLOOKUP( 1, (('[1]Grupos Imobiliario'!$B:$B)='ESTUDO DE LANCES'!$C$6)*(('[1]Grupos Imobiliario'!$A:$A)='ESTUDO DE LANCES'!G$8), '[1]Grupos Imobiliario'!$L:$L, "NE" ), ".", "," )} -> 83,50% | X14: {=SUBSTITUTE( _xlfn.XLOOKUP( 1, (('[1]Grupos Imobiliario'!$B:$B)='ESTUDO DE LANCES'!$C$6)*(('[1]Grupos Imobiliario'!$A:$A)='ESTUDO DE LANCES'!I$8), '[1]Grupos Imobiliario'!$L:$L, "NE" ), ".", "," )} -> 0,835 | Z14: {=SUBSTITUTE( _xlfn.XLOOKUP( 1, (('[1]Grupos Imobiliario'!$B:$B)='ESTUDO DE LANCES'!$C$6)*(('[1]Grupos Imobiliario'!$A:$A)='ESTUDO DE LANCES'!K$8), '[1]Grupos Imobiliario'!$L:$L, "NE" ), ".", "," )} -> 0,8001 | AB14: {=SUBSTITUTE( _xlfn.XLOOKUP( 1, (('[1]Grupos Imobiliario'!$B:$B)='ESTUDO DE LANCES'!$C$6)*(('[1]Grupos Imobiliario'!$A:$A)='ESTUDO DE LANCES'!M$8), '[1]Grupos Imobiliario'!$L:$L, "NE" ), ".", "," )} -> 0,75 | AD14: {=SUBSTITUTE( _xlfn.XLOOKUP( 1, (('[1]Grupos Imobiliario'!$B:$B)='ESTUDO DE LANCES'!$C$6)*(('[1]Grupos Imobiliario'!$A:$A)='ESTUDO DE LANCES'!O$8), '[1]Grupos Imobiliario'!$L:$L, "NE" ), ".", "," )} -> 0,75
B16: Outliers | E16: Lance Sugerido | H16: Zona de Contemplação | L16: Escolha do Lance
B17: =MAX(E12:R12) -> 0.88 | E17: =_xlfn.PERCENTILE.EXC($E$12:$R$14,0.9) -> 0.87734 | H17: Superior | I17: 90% de Chance | L17: 0.78
B18: =MAX(E13:R13) -> 0.8453 | E18: =_xlfn.PERCENTILE.EXC($E$12:$R$14,0.7) -> 0.84718 | H18: Média | I18: 70% de Chance
B19: =MAX(E14:R14) -> 0.835 | E19: =_xlfn.PERCENTILE.EXC($E$12:$R$14,0.5) -> 0.835 | H19: Inferior | I19: 50% de Chance
V21: Qtd. Sorteio | W21: Qtd. Lance | X21: Lance Máximo | Y21: Lance Médio | Z21: Lance Mínimo | AA21: Lance Escolhido
U22: =E8 -> 45839 | V22: =E9 -> 1 | W22: =E10 -> 11 | X22: =E12 -> 0.85 | Y22: =E13 -> 0.8317 | Z22: =E14 -> 0.82 | AA22: =L17 -> 0.78
U23: =G8 -> 45870 | V23: =G9 -> 1 | W23: =G10 -> 14 | X23: =G12 -> 0.8667 | Y23: =G13 -> 0.8413 | Z23: =G14 -> 0.835 | AA23: =L17 -> 0.78
U24: =I8 -> 45901 | V24: =I9 -> 1 | W24: =I10 -> 16 | X24: =I12 -> 0.8667 | Y24: =I13 -> 0.8436 | Z24: =I14 -> 0.835 | AA24: =L17 -> 0.78
U25: =K8 -> 45931 | V25: =K9 -> 1 | W25: =K10 -> 30 | X25: =K12 -> 0.88 | Y25: =K13 -> 0.8453 | Z25: =K14 -> 0.8001 | AA25: =L17 -> 0.78
T26: =O12*1 -> 0.821 | U26: =M8 -> 45962 | V26: =M9 -> 1 | W26: =M10 -> 26 | X26: =M12 -> 0.88 | Y26: =M13 -> 0.8093 | Z26: =M14 -> 0.75 | AA26: =L17 -> 0.78
U27: =O8 -> 45992 | V27: =O9 -> 1 | W27: =O10 -> 29 | X27: =O12 -> 0.821 | Y27: =O13 -> 0.7851 | Z27: =O14 -> 0.75 | AA27: =L17 -> 0.78
